"time_category","avg"
"Ночь","114.0000000000000000"
"День","84.7142857142857143"
"Поздний вечер","76.7500000000000000"
"До полудня","76.0000000000000000"
"Вечер","74.5882352941176471"
