"day_of_week","avg"
"Thursday ","91.0000000000000000"
"Friday   ","84.5000000000000000"
"Monday   ","78.0000000000000000"
"Sunday   ","77.2857142857142857"
"Saturday ","74.6666666666666667"
"Wednesday","74.5000000000000000"
"Tuesday  ","44.0000000000000000"
